{"_type":"export","__export_format":4,"__export_date":"2023-11-14T12:00:44.573Z","__export_source":"insomnia.desktop.app:v8.4.0","resources":[{"_id":"req_70af5b982d5d439f8e33ae5ccb5c3511","parentId":"fld_dd0711929f8043b8af7a74a64969d6cb","modified":1699963190928,"created":1699276264372,"url":"{{ _.host }}/http/integration-artifacts","name":"Get all Integration Artifacts","description":"","method":"GET","body":{},"parameters":[{"id":"pair_813b5754659347a8962908a623fb11ea","name":"GroupBy","value":"Count","description":"Group Integration Artifact by count. Allowed values: count.","disabled":true},{"id":"pair_04223ef8e3764b76b64d626361a82adc","name":"SelectArtifactType","value":"all","description":"Select Integration Artifact Type. Allowed values: all,ifl,vmp,mmc,src.","disabled":false},{"id":"pair_70067867ab40499ca677f4ce2ac6e35f","name":"SelectIntegrationPackageIds","value":"","description":"Integration Package IDs to be included in the extract (comma-separated values). This will filter only those specific Integration Package IDs.","disabled":true},{"id":"pair_e6c0a6b4c043436da6fce6f3675e1a78","name":"SelectIntegrationFlowIds","value":"","description":"Integration flow IDs to be included in the extract (comma-separated values). This will filter only those specific Integration flow IDs.","disabled":true},{"id":"pair_7922047ba92f4ce1a8d29215a3568e4c","name":"SelectValueMappingIds","value":"","description":"Value Mapping IDs to be included in the extract (comma-separated values). This will filter only those specific Value Mapping IDs.","disabled":true},{"id":"pair_2f42ab24d8f2474caae417b622531cec","name":"SelectScriptCollectionIds","value":"","description":"Script Collection IDs to be included in the extract (comma-separated values). This will filter only those specific Script Collection IDs.","disabled":true},{"id":"pair_8e8682ad051841b9bfd620870df82977","name":"SelectMessageMappingIds","value":"","description":"Message Mapping IDs to be included in the extract (comma-separated values). This will filter only those specific Message Mapping IDs.","disabled":true},{"id":"pair_437b3a50ac0240e69d965ae1e680b3d2","name":"Top","value":"","description":"Show only the first n items.","disabled":true},{"id":"pair_af3b34019cad4b2f9d7d2f41c36ea3d3","name":"Skip","value":"","description":"Skip the first n items.","disabled":true}],"headers":[{"name":"User-Agent","value":"insomnia/8.3.0"}],"authentication":{"type":"oauth2","grantType":"client_credentials","accessTokenUrl":"{{ _.tokenurl }}","clientId":"{{ _.clientid }}","clientSecret":"{{ _.clientsecret }}"},"metaSortKey":-1699276264372,"isPrivate":false,"settingStoreCookies":true,"settingSendCookies":true,"settingDisableRenderRequestBody":false,"settingEncodeUrl":true,"settingRebuildPath":true,"settingFollowRedirects":"global","_type":"request"},{"_id":"fld_dd0711929f8043b8af7a74a64969d6cb","parentId":"wrk_b4e1d05c709b49b4bee4247ebdaf8229","modified":1699685686195,"created":1699011489621,"name":"Integration Content UI","description":"","environment":{},"environmentPropertyOrder":null,"metaSortKey":-1699011489621,"_type":"request_group"},{"_id":"wrk_b4e1d05c709b49b4bee4247ebdaf8229","parentId":null,"modified":1699893634941,"created":1699893082254,"name":"Table-Based UI","description":"","scope":"collection","_type":"workspace"},{"_id":"req_dd724df7855d47808158e127c375a38e","parentId":"fld_dd0711929f8043b8af7a74a64969d6cb","modified":1699963196342,"created":1699614963104,"url":"{{ _.host }}/http/integration-assets","name":"Get all Integration Assets","description":"","method":"GET","body":{},"parameters":[{"id":"pair_813b5754659347a8962908a623fb11ea","name":"FilterBy","value":"conf","description":"Select get configuration or resources of all integration flows. Allowed values: conf or res.","disabled":false},{"id":"pair_70067867ab40499ca677f4ce2ac6e35f","name":"SelectIntegrationPackageIds","value":"","description":"Integration Package IDs to be included in the extract (comma-separated values). This will filter only those specific Integration Package IDs.","disabled":true},{"id":"pair_e6c0a6b4c043436da6fce6f3675e1a78","name":"SelectIntegrationFlowIds","value":"","description":"Integration flow IDs to be included in the extract (comma-separated values). This will filter only those specific Integration flow IDs.","disabled":true},{"id":"pair_437b3a50ac0240e69d965ae1e680b3d2","name":"Top","value":"","description":"Show only the first n items.","disabled":true},{"id":"pair_af3b34019cad4b2f9d7d2f41c36ea3d3","name":"Skip","value":"","description":"Skip the first n items.","disabled":true}],"headers":[{"name":"User-Agent","value":"insomnia/8.3.0"}],"authentication":{"type":"oauth2","grantType":"client_credentials","accessTokenUrl":"{{ _.tokenurl }}","clientId":"{{ _.clientid }}","clientSecret":"{{ _.clientsecret }}"},"metaSortKey":-1699143866914,"isPrivate":false,"settingStoreCookies":true,"settingSendCookies":true,"settingDisableRenderRequestBody":false,"settingEncodeUrl":true,"settingRebuildPath":true,"settingFollowRedirects":"global","_type":"request"},{"_id":"req_3dba0d2c16f246cd84517fc9db02a3c8","parentId":"fld_f58b8a5cc0814afb9887ee73de4bfdf4","modified":1699963205242,"created":1698400082373,"url":"{{ _.host }}/http/message-logs","name":"Get all Message Processing Logs","description":"","method":"GET","body":{},"parameters":[{"name":"GroupBy","value":"","id":"pair_219c67ab363940b388d9928f690eb5c2","description":"Group logs by Message Status. Allowed values: status.","disabled":true},{"name":"FromDateTime","value":"","id":"pair_4fd6966ae83347558205ab700e6c5e01","description":"From Date Time in UTC.","disabled":true},{"name":"ToDateTime","value":"","id":"pair_fe4a08d005ea43de8fc743a5303e0d9f","description":"To Date Time in UTC.","disabled":true},{"name":"Status","value":"","id":"pair_8d9dbd4577be4c7599f2b1cf27303010","description":"Filter by Status. Allowed values: completed,failed,escalated,cancelled,abandoned.","disabled":true},{"name":"SelectIntegrationPackageIds","value":"","id":"pair_c779e61b20b6489caa3d0f8189312264","description":"Integration Package IDs to be included in the extract (comma-separated values). This will filter only those specific Integration Package IDs.","disabled":true},{"name":"SelectIntegrationFlowIds","value":"","id":"pair_f5e93f8eb0884ccb871d65d49997fcb9","description":"Integration flow IDs to be included in the extract (comma-separated values). This will filter only those specific Integration flow IDs.","disabled":true},{"name":"Top","value":"","id":"pair_e8b13ddd7ccb40b0b50b1ef122299dfa","description":"Integration flow IDs to be included in the extract (comma-separated values). This will filter only those specific Integration flow IDs.","disabled":true},{"name":"Skip","value":"","id":"pair_016f14261fc04000b8098d53d482606b","description":"Skip the first n items.","disabled":true}],"headers":[{"name":"User-Agent","value":"insomnia/2023.5.8","id":"pair_a3b39e6fc65b46dc9070080bc2a51bb5"},{"id":"pair_3b57081e07f0466ba0083bc29ba4c524","name":"","value":"application/json","description":"","disabled":true}],"authentication":{"type":"oauth2","grantType":"client_credentials","accessTokenUrl":"{{ _.tokenurl }}","clientId":"{{ _.clientid }}","clientSecret":"{{ _.clientsecret }}"},"metaSortKey":-1699011469456,"isPrivate":false,"settingStoreCookies":true,"settingSendCookies":true,"settingDisableRenderRequestBody":false,"settingEncodeUrl":true,"settingRebuildPath":true,"settingFollowRedirects":"global","_type":"request"},{"_id":"fld_f58b8a5cc0814afb9887ee73de4bfdf4","parentId":"wrk_b4e1d05c709b49b4bee4247ebdaf8229","modified":1699684016741,"created":1699011348291,"name":"Message Monitoring UI","description":"","environment":{},"environmentPropertyOrder":null,"metaSortKey":-1699011348691,"_type":"request_group"},{"_id":"env_66523674b3254cd09682e3cc6e1e6ac3","parentId":"wrk_b4e1d05c709b49b4bee4247ebdaf8229","modified":1699011742608,"created":1698071453883,"name":"Base Environment","data":{},"dataPropertyOrder":{},"color":null,"isPrivate":false,"metaSortKey":1698071453883,"_type":"environment"},{"_id":"jar_76bb5b55345c4010b0ca073c7c187091","parentId":"wrk_b4e1d05c709b49b4bee4247ebdaf8229","modified":1699705569225,"created":1698071453888,"name":"Default Jar","cookies":[],"_type":"cookie_jar"},{"_id":"env_c64db6a1c551490a812898ff41de8bb3","parentId":"env_66523674b3254cd09682e3cc6e1e6ac3","modified":1699896532662,"created":1699185844294,"name":"QA","data":{"clientid":"<Client Id of Process Integration Runtime Service – integration-flow Plan>","clientsecret":"<Client Secret of Process Integration Runtime Service – integration-flow Plan>","host":"<Hostname of Process Integration Runtime Service – integration-flow Plan>","tokenurl":"<Token URL of Process Integration Runtime Service – integration-flow Plan>"},"dataPropertyOrder":{"&":["clientid","clientsecret","host","tokenurl"]},"color":"#d11515","isPrivate":false,"metaSortKey":1699011711197,"_type":"environment"}]}