{
	"id": "4a69bf3d-1ccf-4529-978c-e40f21ed8db2",
	"name": "QA",
	"values": [
		{
			"key": "tokenurl",
			"value": "Token URL of Process Integration Runtime Service – integration-flow Plan",
			"type": "default",
			"enabled": true
		},
		{
			"key": "clientid",
			"value": "Client Id of Process Integration Runtime Service – integration-flow Plan",
			"type": "default",
			"enabled": true
		},
		{
			"key": "clientsecret",
			"value": "Client Secret of Process Integration Runtime Service – integration-flow Plan",
			"type": "secret",
			"enabled": true
		},
		{
			"key": "host",
			"value": "Hostname of Process Integration Runtime Service – integration-flow Plan",
			"type": "default",
			"enabled": true
		}
	],
	"_postman_variable_scope": "environment",
	"_postman_exported_at": "2023-11-14T11:55:04.425Z",
	"_postman_exported_using": "Postman/10.20.0"
}